agent,n,repos,vader_mean,textblob_mean,senticr_negative_share
Claude_Code,434,92,0.2692557603686636,0.11852499394471208,0.2465437788018433
Cursor,617,102,0.14733727714748784,0.09544226158307832,0.20097244732576985
Devin,5194,167,0.14081370812475932,0.06800481863006819,0.22256449749711205
OpenAI_Codex,1720,263,0.11870174418604651,0.08108637337019334,0.17790697674418604
Copilot,13957,686,0.08045744071075446,0.04755676453104114,0.24940889876047861
