agent,n,state_mean,approved,changes_requested,commented
Claude_Code,246,0.36585365853658536,0.4105691056910569,0.044715447154471545,0.5447154471544715
Copilot,8990,0.23882091212458287,0.36017797552836484,0.12135706340378198,0.5184649610678532
Cursor,564,0.5921985815602837,0.6329787234042553,0.040780141843971635,0.3262411347517731
Devin,4410,0.3340136054421769,0.4034013605442177,0.06938775510204082,0.5272108843537415
OpenAI_Codex,1425,0.6126315789473684,0.6652631578947369,0.05263157894736842,0.28210526315789475
