,vader,textblob,senticr_oracle
vader,1.0,0.4411829712043384,0.0754473226059883
textblob,0.4411829712043384,1.0,0.06260193940368804
senticr_oracle,0.0754473226059883,0.06260193940368804,1.0
