experience_quartile,prs,median_prior_repo_prs,mean_prior_repo_prs,median_prior_repo_merged_prs,median_prior_repo_merge_rate,median_prior_user_prs,median_timeline_commits,mean_timeline_commits,median_timeline_events,median_force_pushes,median_distinct_actors
Q1 least,7157,19.0,47.912114014251785,10.0,0.6060606060606061,2689.0,2.0,3.7482185273159145,9.0,0.0,4.0
Q2,7156,112.5,899.2195360536613,111.0,0.9750623409746717,161.5,1.0,1.8387367244270543,4.0,0.0,2.0
Q3,7156,1056.5,1523.8408328675237,954.0,0.8585580650745833,1056.5,1.0,1.5083845723868083,5.0,0.0,2.0
Q4 most,7156,5334.5,4062.8787031861375,4517.0,0.8510827101495182,5334.5,1.0,1.4621296813862492,5.0,0.0,2.0
