experience_quartile,prs,merged_rate,human_review_rate,approval_rate,changes_requested_rate,human_discussion_rate,median_human_reviews,median_human_comments,median_inline_comments,median_time_to_first_human_review_hours,median_followers
Q1 least,5950,84.0672268907563,6.235294117647059,5.243697478991597,0.4873949579831933,10.789915966386554,0.0,0.0,0.0,6.036388888888889,178.0
Q2,5949,74.14691544797445,14.37216338880484,9.59825180702639,0.722810556396033,22.03731719616742,0.0,0.0,0.0,2.3777777777777778,132.0
Q3,5949,84.48478735922004,0.21852412170112623,0.10085728693898136,0.03361909564632712,0.33619095646327113,0.0,0.0,0.0,7.928055555555556,132.0
Q4 most,5950,81.34453781512605,7.4453781512605035,5.848739495798319,0.2857142857142857,13.042016806722689,0.0,0.0,0.0,2.5772222222222223,132.0
