experience_quartile,prs,merged_rate,human_review_rate,approval_rate,changes_requested_rate,human_discussion_rate,median_human_reviews,median_human_comments,median_inline_comments,median_time_to_first_human_review_hours,median_followers
Q1 least,7157,57.97121699035909,29.439709375436635,23.06832471706022,3.507056029062457,42.000838340086624,0.0,0.0,0.0,1.2547222222222223,0.0
Q2,7156,85.7043040804919,7.210732252655115,5.53381777529346,0.41922861934041367,12.367244270542201,0.0,0.0,0.0,3.564861111111111,178.0
Q3,7156,79.8351034097261,5.477920626048071,2.9346003353828953,0.22358859698155395,7.4902179988820565,0.0,0.0,0.0,1.0901388888888888,132.0
Q4 most,7156,82.15483510340972,6.232532140860816,4.877026271660146,0.23756288429290107,10.885969815539408,0.0,0.0,0.0,2.6104166666666666,132.0
